<?xml version="1.0" encoding="UTF-8"?>

<beans xmlns="http://www.springframework.org/schema/beans"
     xmlns:xsi="http://www.w3.org/2001/XMLSchema-instance"
     xmlns:tx="http://www.springframework.org/schema/tx"
     xmlns:context="http://www.springframework.org/schema/context"
     xmlns:aop="http://www.springframework.org/schema/aop"
     xsi:schemaLocation="
     http://www.springframework.org/schema/context http://www.springframework.org/schema/context/spring-context-3.0.xsd
     http://www.springframework.org/schema/beans http://www.springframework.org/schema/beans/spring-beans-3.0.xsd
     http://www.springframework.org/schema/tx http://www.springframework.org/schema/tx/spring-tx-3.0.xsd
     http://www.springframework.org/schema/aop http://www.springframework.org/schema/aop/spring-aop-3.0.xsd">

  <!-- import other xmls -->
  <!-- <import resource="quartzJob.xml"/> -->

  <!-- enable component scanning -->
  <context:component-scan base-package="com.safer.member">
      <context:exclude-filter type="annotation" expression="org.springframework.stereotype.Controller"/>
  </context:component-scan>

  <!-- words placeholder file -->
  <context:property-placeholder location="classpath:application.properties" />

  <!-- enable autowire -->
  <context:annotation-config />

  <!-- enable transaction demarcation with annotations -->
  <tx:annotation-driven/>

  <!-- enable aspectj -->
  <aop:aspectj-autoproxy />

  <!-- dataSource -->
  <!-- <bean id="dataSource" class="org.apache.commons.dbcp.BasicDataSource">
        <property name="driverClassName" value="${jdbc.driverClassName}" />
        <property name="url" value="${jdbc.url}" />
        <property name="username" value="${jdbc.username}" />
        <property name="password" value="${jdbc.password}" />
        <property name="maxActive" value="10" />
        <property name="maxIdle" value="10" />
        <property name="maxWait" value="60000" />
    </bean> -->

  <!-- transactionManager -->
  <!-- <bean id="transactionManager" class="org.springframework.jdbc.datasource.DataSourceTransactionManager">
       <property name="dataSource" ref="dataSource"/>
  </bean> -->

  <!-- define the SqlSessionFactory typeAliasesPackage-->
  <!-- <bean id="sqlSessionFactory" class="org.mybatis.spring.SqlSessionFactoryBean">
        <property name="dataSource" ref="dataSource" />
        <property name="typeAliasesPackage"
            value="com.viewstar.cms.account.domain," />
  </bean> -->

  <!-- scan for mappers and let them be autowired -->
  <!-- <bean class="org.mybatis.spring.mapper.MapperScannerConfigurer">
        <property name="basePackage"
            value="com.viewstar.cms.account.persistence,.., " />
  </bean> -->

  <!-- message source -->
  <!-- <bean id="messageSource" class="org.springframework.context.support.ResourceBundleMessageSource">
    <property name="basenames">
        <list>
            <value>exceptions</value>
            <value>ValidationMessages</value>
            <value>message</value>
        </list>
    </property>
  </bean> -->

</beans>