<?xml version="1.0" encoding="UTF-8"?>

<beans xmlns="http://www.springframework.org/schema/beans"
    xmlns:xsi="http://www.w3.org/2001/XMLSchema-instance"
    xmlns:context="http://www.springframework.org/schema/context"
    xmlns:mvc="http://www.springframework.org/schema/mvc"
    xmlns:p="http://www.springframework.org/schema/p"
    xsi:schemaLocation="
     http://www.springframework.org/schema/context http://www.springframework.org/schema/context/spring-context-3.0.xsd
     http://www.springframework.org/schema/beans http://www.springframework.org/schema/beans/spring-beans-3.0.xsd
     http://www.springframework.org/schema/mvc http://www.springframework.org/schema/mvc/spring-mvc-3.0.xsd">

    <!-- enable component scanning -->
    <context:component-scan base-package="com.safer.member" use-default-filters="false">
        <context:include-filter type="annotation" expression="org.springframework.stereotype.Controller"/>
    </context:component-scan>

    <!-- mvc:annotation-driven -->
    <bean class="org.springframework.web.servlet.mvc.annotation.DefaultAnnotationHandlerMapping">
        <property name="order" value="0" />
        <property name="interceptors">
            <list>
                <bean class="com.safer.member.base.interceptor.ControllerInterceptor" />
            </list>
        </property>
    </bean>

    <!-- request resources mapping -->
    <mvc:resources mapping="/resources/**" location="/resources/" />

    <!-- view resolver -->
    <!-- <bean id="xsltViewResolver" class="org.springframework.web.servlet.view.XmlViewResolver">
      <property name="order" value="1"/>
      <property name="location" value="/WEB-INF/config/views.xml"/>
    </bean> -->
    <bean id="jstlViewResolver" class="org.springframework.web.servlet.view.InternalResourceViewResolver">
        <property name="order" value="1"/>
        <property name="prefix" value="/WEB-INF/views/" />
        <property name="suffix" value=".jsp" />
    </bean>


  <context:property-placeholder location="classpath:application.properties" />

</beans>